doc_id,word,label,context
2,histamine,Chemical,...Famotidine is a histamine H2 - receptor antagonist used in inpati...
10,renin,Chemical,...re maintaining effect of the stimulated renin - angiotensin system in sodium...
29,co,Chemical,...Co - morbid major depressive disorder ( OR...
58,p2x3,Chemical,...the study is to explore the function of P2X3 and NK1 receptors antagonists on cyclop...
58,nk1,Chemical,... is to explore the function of P2X3 and NK1 receptors antagonists on cyclophosphami...
66,p2x3,Chemical,"... subsequently perfusion of bladder with P2X3 and NK1 receptors ' antagonists , Suram..."
66,nk1,Chemical,"...ntly perfusion of bladder with P2X3 and NK1 receptors ' antagonists , Suramin and G..."
101,acetylcholinesterase,Chemical,...s anxiety - like behavior and decreases acetylcholinesterase activity of hippocampus in adult male m...
117,alterations,Disease,...on significantly prevented the observed alterations ....
184,hiv,Disease,...tion of the pattern of kidney injury in HIV - positive persons exposed to tenofovir...
186,hiv,Disease,... analysis of Yellow Card records of 407 HIV - positive persons taking tenofovir dis...
227,vision,Disease,...zolid resulted in marked improvement of vision ....
229,lipid,Chemical,"...Resuscitation with lipid , epinephrine , or both in levobupivaca..."
232,saline,Chemical,"...ly allocated to four groups : control ( saline ), Intralipid () alone , epinephrine al..."
232,intralipid,Chemical,"...ed to four groups : control ( saline ), Intralipid () alone , epinephrine alone , or a com..."
236,intralipid,Chemical,"...er of ECG abnormalities was zero in the Intralipid only group , but 14 and 17 , respective..."
236,lipid,Chemical,...in the epinephrine and epinephrine plus lipid groups ( P < 0 ....
237,last,Disease,...pontaneous circulation in this model of LAST ....
240,thrombopoetin,Chemical,"... by portal hypertension , low levels of thrombopoetin , and endotoxemia ...."
244,platelets,Chemical,"...latelet count , postoperative course of platelets , and clinical signs of HIT type II wer..."
290,lipid,Chemical,"...o evaluate changes in the regulation of lipid metabolism , ERK and LDLr expression in..."
290,erk,Chemical,"...in the regulation of lipid metabolism , ERK and LDLr expression in the liver of rat..."
290,ldlr,Chemical,"...egulation of lipid metabolism , ERK and LDLr expression in the liver of rats exposed..."
293,ldl,Chemical,"...evels of cholesterol , triglyceride and LDL in blood of rats were analyzed ...."
295,ldl,Chemical,"...tions of cholesterol , triglyceride and LDL ...."
296,ldlr,Chemical,...ed ERK1 / 2 protein phosphorylation and LDLr transcript ....
297,erk,Chemical,...Crocin reduced inhibition of ERK activation and diazinon - induced hyper...
297,ldlr,Chemical,...ed hyperlipemia and increased levels of LDLr transcript ....
299,p,Chemical,...GEM - P chemotherapy is active in the treatment...
323,morbidity,Disease,...he increased psychological and physical morbidity associated with heavy recreational use ...
341,cin,Disease,...CIN was defined as an increase in serum cre...
349,cin,Disease,...017 ). CIN was significantly more after treatment ...
353,cin,Disease,...ecan may be additional risk factors for CIN development ....
363,antidepressants,Chemical,...as been widely reported with a range of antidepressants ....
365,antidepressants,Chemical,...ns should be aware of the potential for antidepressants to cause hyponatremia...
371,tap,Chemical,...nd oxidized pyrimidines ) and decreased TAP ....
404,saline,Chemical,...There were no differences between saline - and apigenin - treated groups in the ...
406,saline,Chemical,"...., 30 min before the acquisition ). The saline - and apigenin - treated rats that did ..."
413,saline,Chemical,...se of rat dentate gyrus ( DG ) in acute saline or morphine - treated rats ....
433,gfap,Chemical,"...STZ causes increased expression of GFAP , CD11b and TNF - a indicating glial ac..."
433,cd11b,Chemical,"...Z causes increased expression of GFAP , CD11b and TNF - a indicating glial activation..."
434,ros,Chemical,"...so significantly increased the level of ROS , nitrite , Ca ( 2 +) and reduced the m..."
436,camkiia,Chemical,"...ase expression of post synaptic markers CaMKIIa and PSD - 95 , while , expression of pr..."
436,synaptophysin,Chemical,"... , expression of pre synaptic markers ( synaptophysin and SNAP - 25 ) remains unaltered indic..."
441,gfap,Chemical,"...The level of GFAP , CD11b , TNF - a , ROS and nitrite lev..."
441,cd11b,Chemical,"...The level of GFAP , CD11b , TNF - a , ROS and nitrite levels were..."
441,ros,Chemical,"...The level of GFAP , CD11b , TNF - a , ROS and nitrite levels were increased ...."
443,apoptosis,Disease,... and oxidative stress occurs earlier to apoptosis and does not affect memory function ....
447,cin,Disease,"...calcium channel blocker , in preventing CIN ...."
460,leucovorin,Chemical,"...cations in intrathecal ( IT ) therapy , leucovorin rescue , and frequency of systemic MTX ..."
486,intralipid,Chemical,... investigate the effects of propofol in intralipid or medialipid emulsions on bupivacaine ...
486,medialipid,Chemical,...he effects of propofol in intralipid or medialipid emulsions on bupivacaine - induced card...
488,intralipid,Chemical,"...5 mg / kg / min propofol in intralipid ( Group P ), propofol in medialipid ( G..."
488,medialipid,Chemical,"... in intralipid ( Group P ), propofol in medialipid ( Group L ), or saline ( Group C ) over..."
488,saline,Chemical,"... propofol in medialipid ( Group L ), or saline ( Group C ) over 20 min ...."
497,intralipid,Chemical,"...e that pre - treatment with propofol in intralipid , compared with propofol in medialipid ..."
497,medialipid,Chemical,"... intralipid , compared with propofol in medialipid or saline , delayed the onset of bupiva..."
497,saline,Chemical,"...compared with propofol in medialipid or saline , delayed the onset of bupivacaine - in..."
503,transaminases,Chemical,...ues showed elevated creatine kinase and transaminases ....
506,statins,Chemical,"...Therefore , when prescribing statins , the possibility of hepatic damage..."
509,platelets,Disease,...o have changes in white blood cells and platelets within 48 h of administration of flucon...
514,ctnt,Chemical,...d high - sensitive cardiac troponin T ( cTnT ) could predict future cardiac dysfunct...
547,chemotherapy,Chemical,...5 ) from baseline to the third cycle of chemotherapy predicted later cardiotoxicity ....
587,lf,Chemical,...the effect of chronic administration of LF on oxidative stress and hypertension up...
598,lf,Chemical,...LF prevented body weight loss and signific...
599,lf,Chemical,...Chronic administration of LF strongly reduced the blood pressure and...
599,ros,Chemical,...ed the blood pressure and production of ROS and improved antioxidant capacity in De...
640,opioid,Chemical,"...In this case report , we highlight opioid ' s inhibitory side effects on the cere..."
688,symptoms,Disease,"...fter withdraw of valproate , patients ' symptoms resolved within 24 h ...."
693,rituximab,Chemical,"...tezomib , high - dose dexamethasone and rituximab ...."
702,cytomegaly,Disease,"...diomyocyte degeneration , hypertrophy / cytomegaly , and extensive vacuolation after two d..."
702,vacuolation,Disease,"...ypertrophy / cytomegaly , and extensive vacuolation after two doses ...."
705,ctni,Chemical,"...nt and serological cardiac troponin I ( cTnI ) emerged after eight doses , important..."
714,hyperalgesia,Disease,...Areas of secondary hyperalgesia and allodynia were quantified immediate...
725,glucocorticoid,Chemical,...ss reduction rescues glaucoma in murine glucocorticoid - induced glaucoma ....
726,glucocorticoids,Chemical,...Administration of glucocorticoids induces ocular hypertension in some pat...
727,glucocorticoid,Chemical,...a ( POAG ). The underlying pathology of glucocorticoid - induced glaucoma is not fully underst...
728,glucocorticoid,Chemical,"...Here , we developed a murine model of glucocorticoid - induced glaucoma that exhibits glauco..."
730,glucocorticoid,Chemical,"... , and axonal degeneration , resembling glucocorticoid - induced glaucoma in human patients ...."
734,glucocorticoid,Chemical,... indicate that ER stress contributes to glucocorticoid - induced ocular hypertension and sugge...
734,glucocorticoid,Chemical,... as a therapeutic strategy for treating glucocorticoid - induced glaucoma...
735,opioid,Chemical,...Effects of ginsenosides on opioid - induced hyperalgesia in mice ....
736,opioid,Chemical,...Opioid - induced hyperalgesia ( OIH ) is chara...
736,opioid,Chemical,...tion caused by the cessation of chronic opioid use ....
738,re,Chemical,"... study , we investigated the effects of Re, Rg1, and Rb1 ginsenosides , the bioact..."
738,rg1,Chemical,"...dy , we investigated the effects of Re, Rg1, and Rb1 ginsenosides , the bioactive c..."
738,rb1,Chemical,"...nvestigated the effects of Re, Rg1, and Rb1 ginsenosides , the bioactive components..."
738,ginsenosides,Chemical,"...tigated the effects of Re, Rg1, and Rb1 ginsenosides , the bioactive components of ginseng ,..."
741,writhing,Disease,...vity test and the acetic acid - induced writhing test ....
743,rg1,Chemical,"...However , the Rg1 and Rb1 ginsenosides failed to prevent ..."
743,rb1,Chemical,"...However , the Rg1 and Rb1 ginsenosides failed to prevent OIH in e..."
743,ginsenosides,Chemical,"...However , the Rg1 and Rb1 ginsenosides failed to prevent OIH in either test ...."
755,sedative,Chemical,... ( heart rate < 50 beats / min ) during sedative infusion ....
763,aging,Disease,"...in several processes including cancer , aging and cardiovascular disease , and has be..."
780,vasopressor,Chemical,"... dL ). He received intravenous fluids , vasopressor therapy and stress dose steroids ; he w..."
789,alteplase,Chemical,...d catheter - directed thrombolysis with alteplase in an oncology patient with heparin - i...
790,alteplase,Chemical,...er - directed thrombolysis ( CDT ) with alteplase is presented ....
796,alteplase,Chemical,"...us mechanical thrombectomy and CDT with alteplase were attempted , but the procedure was ..."
799,alteplase,Chemical,...Postthrombectomy continuous CDT with alteplase was commenced while argatroban was with...
800,alteplase,Chemical,"...Alteplase was discontinued , and the patient was ..."
827,ead,Disease,"... , produced early afterdepolarization ( EAD ). hiPS - CMs using MEA system and FPDc..."
828,ead,Disease,...o shows that this assay can help detect EAD for drugs with TdP...
838,antineoplastic,Disease,...BACKGROUND : Cisplatin is a widely used antineoplastic ....
865,epileptogenesis,Disease,"...considered to play an important role in epileptogenesis and cognitive deficits , and antioxidan..."
865,antioxidants,Chemical,"...ptogenesis and cognitive deficits , and antioxidants have a putative antiepileptic potential..."
866,antidiabetic,Disease,"...etformin , the most commonly prescribed antidiabetic oral drug , has antioxidant properties ..."
871,kindling,Disease,"...metformin suppressed the progression of kindling , ameliorated the cognitive impairment ..."
873,p53,Chemical,...P53 inhibition exacerbates late - stage ant...
883,p53,Chemical,...e data suggest an explanation as to how p53 inhibition can result in cardioprotecti...
889,apoptosis,Disease,...overload causes arrhythmia and triggers apoptosis through p38 MAPK signaling pathway in r...
904,ampk,Chemical,"...ion of AMP - activated protein kinase ( AMPK ). In the present study , the effect of..."
904,ampk,Chemical,...dial infarction and their relation with AMPK were assessed ....
904,tlr4,Chemical,...ysfunction and toll - like receptor 4 ( TLR4 ) activities following myocardial infar...
909,metfromin,Chemical,...Metfromin markedly lowered isoproterenol - induce...
909,myd88,Chemical,"... , myeloid differentiation protein 88 ( MyD88 ), tumor necrosis factor - alpha ( TNF ..."
924,falls,Disease,"...is global health status , confusion and falls ...."
951,acetylcholinesterase,Chemical,... and glutathione ) levels as well as on acetylcholinesterase ( AChE ) activity in mice hippocampus a...
951,ache,Chemical,...ls as well as on acetylcholinesterase ( AChE ) activity in mice hippocampus after se...
968,epileptogenesis,Disease,... data suggest that GFC may influence in epileptogenesis and promote anticonvulsant actions in p...
969,antibiotic,Chemical,...Standard operating procedures for antibiotic therapy and the occurrence of acute kid...
985,antibiotics,Chemical,...nce to SOPs for potentially nephrotoxic antibiotics was associated with a higher occurrence...
989,antiviral,Chemical,"...One month after starting the antiviral therapy , the patient was admitted to t..."
1009,schiff,Chemical,"...hematoxylin and eosin , periodic acid - Schiff , and Masson ' s trichrome stains ...."
1010,ngal,Chemical,... treated rats presented proteinuria and NGAL ( serum and urinary ) as the best marke...
1011,mtor,Chemical,"... kidney lesions and TGF - b , NF - kb , mTOR , PCNA , TP53 , KIM - 1 , and CTGF as r..."
1011,pcna,Chemical,"... lesions and TGF - b , NF - kb , mTOR , PCNA , TP53 , KIM - 1 , and CTGF as relevant..."
1011,tp53,Chemical,"...s and TGF - b , NF - kb , mTOR , PCNA , TP53 , KIM - 1 , and CTGF as relevant gene a..."
1011,ctgf,Chemical,"...kb , mTOR , PCNA , TP53 , KIM - 1 , and CTGF as relevant gene and protein changes ...."
1012,tbars,Chemical,"... changes in serums TGF - b and IL - 7 , TBARs clearance , and kidney TGF - b and mTOR..."
1012,mtor,Chemical,"...BARs clearance , and kidney TGF - b and mTOR ...."
1013,ngal,Chemical,"... ( absent / mild grade lesions ), while NGAL ( serum versus urine ) seems to be a fe..."
1015,cytokines,Chemical,...ubular necrosis score and up - regulate cytokines ( e ....
1070,water,Chemical,...ducing urea transporter ( UT - A1 ) and water channel ( AQP2 ) expression in the inne...
1071,pkc,Chemical,"...alternative signaling pathway , such as PKC - mediated signaling , may be an effect..."
1080,pkca,Chemical,...Our data show that ablation of PKCa preserves AQP2 and UT - A1 protein expr...
1080,aqp2,Chemical,...ta show that ablation of PKCa preserves AQP2 and UT - A1 protein expression and loca...
1088,cyp3a4,Chemical,...e most documented cytochrome P450 3A4 ( CYP3A4 ) inhibitor to cause an adverse interac...
1092,cyp3a4,Chemical,...ase the risk of myopathy or inhibit the CYP3A4 enzyme ....
1093,troponin,Chemical,...Our case suggests that troponin elevation could be associated with stat...
1100,butyrylcholinesterase,Chemical,...Low activity of patient plasma butyrylcholinesterase with butyrylthiocholine ( BTC ) and ben...
1130,dibenzothiazepine,Chemical,"...OBJECTIVE : Quetiapine is a dibenzothiazepine derivative , similar to clozapine , whi..."
1147,lacnp,Disease,...port describes the case of a woman with LACNP that developed after a steroid injectio...
1151,apoptosis,Disease,... - 2 expression besides of necrosis and apoptosis of tubular cells on 24 h ....
1151,protein,Chemical,"...e and in the urinary excretion of total protein , glucose , sodium , neutrophil gelatin..."
1151,ngal,Chemical,...hil gelatinase - associated lipocalin ( NGAL ) and N - acetyl b - D - glucosaminidas...
1151,nag,Chemical,"...nd N - acetyl b - D - glucosaminidase ( NAG ), upregulation of kidney injury molecu..."
1160,pesticide,Chemical,...Incidence of solid tumours among pesticide applicators exposed to the organophosph...
1163,pesticide,Chemical,...METHODS : Male pesticide applicators in Iowa and North Carolina ...
1197,pce,Chemical,"...However , whether PCE could induce glomerulosclerosis and its..."
1198,pce,Chemical,...lomerulosclerosis in adult offspring by PCE and its intrauterine programming mechan...
1199,pce,Chemical,"...A rat model of IUGR was established by PCE , male fetuses and adult offspring at t..."
1200,pce,Chemical,...that the adult offspring kidneys in the PCE group exhibited glomerulosclerosis as w...
1200,protein,Chemical,...ed levels of serum creatinine and urine protein ....
1201,pce,Chemical,"...ssion in adult offspring was reduced by PCE , whereas the renal angiotensin II rece..."
1204,pce,Chemical,"...ions in fetal kidneys were inhibited by PCE , associated with the repression of the..."
1204,gdnf,Chemical,... - line - derived neurotrophic factor ( GDNF )/ tyrosine kinase receptor ( c - Ret )...
1205,pce,Chemical,...These results demonstrated that PCE could induce dysplasia of fetal kidneys...
1205,at2r,Chemical,...the low functional programming of renal AT2R might mediate the developmental origin ...
1215,carcinogen,Disease,"... herbicide , is classified as a Group C carcinogen by the U ...."
1252,dystrophic,Disease,...muscle tissue ; and finally because the dystrophic injurious agent is certainly not the la...
1253,pregnancy,Disease,...al risks due to warfarin therapy during pregnancy ....
1266,blood,Chemical,...Similar reductions occurred in standing blood pressure and there was no evidence of p...
1269,tachyphylaxis,Disease,...resent study was to investigate whether tachyphylaxis occurs during prolonged treatment with ...
1282,hds,Chemical,...adverse effects were also reduced after HDS : tremor ( p less than 0 ....
1286,nervousness,Disease,"... increases in subject - rated anxiety , nervousness , fear , nausea , palpitations , restle..."
1286,fear,Disease,"...subject - rated anxiety , nervousness , fear , nausea , palpitations , restlessness ..."
1296,vip,Chemical,...diomyopathy was induced in eight dogs ; VIP ( by radioimmunoassay ) decreased from ...
1297,vip,Chemical,"...h doxorubicin - induced heart failure , VIP decreased from 31 +/- 7 to 11 +/- 4 pg ..."
1298,vip,Chemical,"...05 ). In addition , VIP content of left ventricular muscle of r..."
1299,vip,Chemical,...The lowest myocardial VIP concentration was found in the hearts o...
1304,vip,Chemical,...ction of this group 62 %+/- 10 %) had a VIP concentration of 14 ....
1307,myocardial,Disease,...05 ). Myocardial catecholamines were also determined in ...
1309,vip,Chemical,... ) between the tissue concentrations of VIP and norepinephrine...
1334,oxytocics,Chemical,"...enta removal , five cases of additional oxytocics administration and five cases of blood ..."
1387,psychopathology,Disease,"...TS : There were no group differences in psychopathology or "" eyes task "" performance , but the ..."
1392,cocaine,Chemical,...lcers associated with aerosolized crack cocaine use ....
1396,cocaine,Chemical,...th corneal ulcers associated with crack cocaine use were reviewed ....
1397,antibiotic,Chemical,...d to the hospital for intensive topical antibiotic treatment ....
1402,cocaine,Chemical,...CONCLUSIONS : Aerosolized crack cocaine use can be associated with the developm...
1429,hd,Chemical,...ort a case of acute renal failure after HD - MTX therapy in a patient with ileosto...
1436,antithrombotic,Chemical,...ling data on MB frequency stratified by antithrombotic use in cohorts with ICH and ischemic st...
1436,antithrombotic,Chemical,...to compare the presence of MB in :( 1 ) antithrombotic users vs nonantithrombotic users with I...
1436,antithrombotic,Chemical,...nonantithrombotic users with ICH ;( 2 ) antithrombotic users vs nonusers with IS / TIA ; and (...
1436,antithrombotic,Chemical,... ) ICH vs ischemic events stratified by antithrombotic use ....
1471,prolactin,Chemical,...on test in hyperprolactinemia : loss of prolactin response in anatomic or functional stal...
1475,prolactin,Chemical,...Prolactin responses to verapamil in 65 female pat...
1481,prolactin,Chemical,...ermined by peak percent change in basal prolactin levels ( PRL ). RESULTS : Verapamil sig...
1482,prl,Chemical,"...8 , PRL : 183 %), macroprolactinoma ( N ...."
1483,prl,Chemical,"...8 , PRL : 7 %), microprolactinoma ( N ...."
1484,prl,Chemical,"...19 , PRL : 21 %), macroprolactinemia ( N ...."
1485,prl,Chemical,"...23 , PRL : 126 %), but not in pseudoprolactinoma..."
1496,dopaminergic,Chemical,... anatomically or functionally inhibited dopaminergic tonus ) from other causes of hyperprola...
1500,analgesia,Disease,"...ine , naphazoline and xylometazoline on analgesia induced by morphine , codeine , fentany..."
1512,insulin,Chemical,"...Eight received insulin alone , and eight , including two of th..."
1512,insulin,Chemical,"...d eight , including two of the original insulin - only group , were given propranolol a..."
1512,insulin,Chemical,"...only group , were given propranolol and insulin ...."
1513,insulin,Chemical,...In the insulin - group the period of hypoglycaemia was...
1514,insulin,Chemical,...In the propranolol - insulin group there was a significant fall in h...
1515,insulin,Chemical,...pical S - T / T changes occurred in the insulin - group but in none of the propranolol ...
1515,insulin,Chemical,... group but in none of the propranolol - insulin group ....
1531,antibiotics,Chemical,...0 / mm3 ) have shown a poor response to antibiotics ....
1538,neutrophil,Chemical,"...ponse was not influenced by the initial neutrophil count , with a 62 % cure rate for 39 ep..."
1542,bun,Chemical,...5 mg / dl or BUN greater than 50 mg / dl ) occurred in o...
1543,antibiotic,Chemical,...This antibiotic regimen showed both therapeutic efficac...
1546,rebleeding,Disease,... acid ( EACA ) has been used to prevent rebleeding in patients with subarachnoid hemorrhag...
1546,rebleeding,Disease,"...is agent does decrease the frequency of rebleeding , several reports have described thromb..."
1548,thrombosis,Disease,...ubtotal infarction of the kidney due to thrombosis of a normal renal artery ....
1548,fibrin,Chemical,...Since intravascular fibrin thrombi are often observed in patients ...
1548,fibrin,Chemical,...ot be implicated in the pathogenesis of fibrin thrombi in patients with disseminated i...
1562,renin,Chemical,...educed plasma catecholamines and plasma renin activity in both recumbent and upright ...
1573,surgery,Disease,... to maintain sleep in adults undergoing surgery under regional local anesthesia ....
1606,hypokalemic,Disease,"..., and sometimes also of sodium , in the hypokalemic but not in the normokalemic patients ...."
1606,normokalemic,Disease,"...ium , in the hypokalemic but not in the normokalemic patients ...."
1624,lesions,Disease,"...ated groups for severity of the induced lesions , changes in heart weight , or heart we..."
1626,antibiotic,Chemical,...Effect of D-Glucarates on basic antibiotic - induced renal damage in rats ....
1627,dextran,Chemical,...minoglycoside antibiotics combined with dextran or of antibiotics only ....
1628,dextran,Chemical,...st renal failure induced by kanamycin - dextran ....
1629,hexaaldose,Chemical,"...hough to a lesser degree , but not to a hexaaldose , sugar alcohols , substances inthe TCA..."
1632,antibiotics,Chemical,...enal damages induced by different basic antibiotics despite large disparities in administra...
1632,antibiotics,Chemical,...es in administration doses of different antibiotics ....
1640,folate,Chemical,"...le of methotrexate contaminants , local folate deficiency , and cranial irradiation in..."
1686,arrhythmogenicity,Disease,...rogesterone potentiation of bupivacaine arrhythmogenicity in pentobarbital - anesthetized rats an...
1687,arrhythmogenicity,Disease,...f progesterone treatment on bupivacaine arrhythmogenicity in beating rat heart myocyte cultures a...
1692,arrhythmogenicity,Disease,"...Estradiol treatment also increased the arrhythmogenicity of bupivacaine in myocyte cultures , bu..."
1693,arrhythmogenicity,Disease,...ne nor estradiol effects on bupivacaine arrhythmogenicity were potentiated by epinephrine ....
1694,arrhythmogenicity,Disease,...d a significant increase in bupivacaine arrhythmogenicity in intact pentobarbital - anesthetized ...
1700,arrhythmogenicity,Disease,...progesterone can potentiate bupivacaine arrhythmogenicity both in vivo and in vitro ....
1717,anxioselective,Disease,...after the in vivo administration of the anxioselective and anticonvulsant beta-carboline deriv...
1718,anxiolytic,Disease,"...for benzodiazepine receptors possessing anxiolytic and anticonvulsant properties , was eva..."
1718,anticonvulsant,Disease,"...ine receptors possessing anxiolytic and anticonvulsant properties , was evaluated on the funct..."
1719,36cl,Chemical,"...inding , enhanced muscimol - stimulated 36Cl - uptake and reduced the binding of t-[..."
1753,antiparkinsonian,Disease,"...n barrier , reduced the hypotensive and antiparkinsonian effects of levodopa ...."
1792,lipid,Chemical,...rotic vascular disease ). Because ideal lipid targets were not reached ( low - densit...
1792,ldl,Chemical,"...t reached ( low - density lipoprotein ( LDL ) cholesterol less than 130 mg / dl , h..."
1792,hdl,Chemical,"... mg / dl , high - density lipoprotein ( HDL ) cholesterol greater than 35 mg / dl ,..."
1792,hdl,Chemical,"...han 35 mg / dl , or total cholesterol / HDL cholesterol less than 4 ...."
1825,lesion,Disease,...ia nigra ( SNR ) suffers from a massive lesion which may arise from a massive metaboli...
1829,parvalbumin,Chemical,"... - specific calcium - binding protein , parvalbumin , served to detect neuronal damage in S..."
1831,immunoglobulins,Chemical,...emical staining for serum - albumin and immunoglobulins in brain tissue was taken as indicator ...
1834,parvalbumin,Chemical,"...By 2 hours , parvalbumin - staining changed in the central SNR i..."
1839,paraffin,Chemical,"...ls surviving 1 to 5 days , conventional paraffin - sections confirmed the neuronal and g..."
1875,bipolarity,Disease,"...mptomatology , chronicity , psychosis , bipolarity , and secondary onset in the course of ..."
1889,confused,Disease,...n in a long - term care facility became confused after the initiation of misoprostol the...
1896,oxidants,Chemical,...udy was undertaken to determine whether oxidants are associated with the hepatic injury ...
1925,chemotherapy,Chemical,...wer extremities 1 and 6 months after IT chemotherapy was administered ....
1929,it,Chemical,...need for further toxicology research on IT - TSPA...
1974,predialysis,Disease,...Physical activity index and predialysis serum bicarbonate...
1976,antihypertensive,Disease,...Methyldopa is an antihypertensive medication which is available generical...
2043,convulsant,Disease,...Convulsant effect of lindane and regional brain co...
2055,131i,Chemical,...is concluded that in most circumstances 131I is the therapy of choice for hyperthyro...
2062,anticonvulsants,Chemical,"...um and pilocarpine by administration of anticonvulsants prior to pilocarpine , it is more diffi..."
2117,bradycardia,Disease,...heart rate was stable without tachy- or bradycardia ....
2152,pertussis,Disease,...Treatment of lethal pertussis vaccine reaction with histamine H1 anta...
2154,bsa,Chemical,...ter injection of bovine serum albumin ( BSA ) on day + 7 of pertussis immunization ...
2155,bsa,Chemical,...105 animals ( 5 %) died after receiving BSA on day + 7 ( p less than 0 ....
2168,inulin,Chemical,... functional ( urine analysis and [ 3H ] inulin and [ 14C ] p-aminohippuric acid cleara...
2196,myosin,Chemical,... stop the changes in the characteristic myosin isoenzyme pattern of the hypertrophied ...
2247,insulin,Chemical,...Acute insulin treatment normalizes the resistance to ...
2249,insulin,Chemical,...The acute effect of insulin treatment on the earlier reported prote...
2250,insulin,Chemical,"... min after the injection of crystalline insulin , ISO was given subcutaneously and when..."
2256,insulin,Chemical,...The rapid reversion after insulin treatment excludes the possibility that...
2256,insulin,Chemical,... resistance and points towards a direct insulin effect on myocardial catecholamine sens...
2261,convulsant,Disease,"...mg / kg ( 50 - 70 ) converted the non - convulsant dose of pilocarpine , 200 mg / kg , to ..."
2261,convulsant,Disease,"...ose of pilocarpine , 200 mg / kg , to a convulsant one ...."
2271,abnormalities,Disease,...These abnormalities resolved rapidly after initiation of hi...
2281,calcium,Chemical,"...erential effects of 1,4-dihydropyridine calcium channel blockers : therapeutic implicat..."
2287,calcium,Chemical,...Additional members of this group of calcium channel blockers have been studied for ...
2292,protamine,Chemical,...nephrosis by the co - administration of protamine ....
2309,pregnancy,Disease,...It is concluded that advanced pregnancy has a negligible effect on the neurotox...
2325,saline,Chemical,"...y administration of clonidine , but not saline vehicle , caused a dose - dependent dec..."
2430,antihypertensive,Disease,... study of timolol - hydrochlorothiazide antihypertensive therapy ....
2440,analgesic,Chemical,...ible to develop papillary necrosis with analgesic administration ....
2462,cholinergic,Chemical,...ed previous evidence that activation of cholinergic systems promotes catalepsy and that cho...
2462,cholinergic,Chemical,...gic systems promotes catalepsy and that cholinergic mechanisms need to be intact for full e...
2468,cholinergic,Chemical,"...Alternatively , activation of central cholinergic systems could promote catalepsy..."
2506,cc,Chemical,... sclerosis contained significantly more CC than non - sclerotic glomeruli in the s...
2508,cc,Chemical,...Since mesangial CC clearance from the mesangium did not ch...
2508,cc,Chemical,"...nt , we conclude that this preferential CC localization within the lesions is caus..."
2508,cc,Chemical,...n the lesions is caused by an increased CC uptake shortly after injection in appar...
2515,trypsin,Chemical,"...cted by treatment with dithiothreitol , trypsin or heat ...."
2519,nephrotoxicant,Disease,"..., p-aminophenol ( PAP ), a known potent nephrotoxicant , was identified as a metabolite of APA..."
2521,acylamidase,Chemical,"...s(p-nitrophenyl) phosphate ( BNPP ), an acylamidase inhibitor , on APAP and PAP nephrotoxic..."
2545,antimetabolite,Chemical,...These studies suggest that an antimetabolite - induced leukopenia predisposes to sev...
2550,excitation,Disease,...e sensitivity to central depression and excitation revealed that rats were least likely to...
2551,retching,Disease,"...ation , extreme apprehensive behavior , retching , muscle tremors and convulsions ...."
2559,placebo,Chemical,...as reduced from 187 +/- 4 ( SEM ) after placebo to 146 +/- 7 bpm after atenolol and 138...
2585,estrogenic,Chemical,...ns could equilibrate the effects of the estrogenic stimulation on the mammary and endometr...
2607,cytomegalovirus,Disease,...Cytomegalovirus ( CMV ) shedding or serological rises i...
2621,peptides,Chemical,...The maximum effect of the peptides tested was less than that of diazepam ....
2626,salt,Chemical,"...ajor role in the pathogenesis of DOCA - salt hypertension , since the elevation of b..."
2626,salt,Chemical,...treated diabetes insipidus after DOCA - salt treatment ....
2627,avp,Chemical,...levels observed after administration of AVP ....
2635,heart,Disease,...inacrine hydrochloride is toxic for the heart of F - 344 rats ....
2637,dilatation,Disease,...associated with cardiac hypertrophy and dilatation and focal myocardial degeneration ....
2638,congestion,Disease,"...pertrophy with severe acute and chronic congestion of the lungs , liver , and other organs..."
2676,albumin,Chemical,...ulted in albuminuria and very low serum albumin levels ....
2686,albumin,Chemical,"...renal damage led to extremely low serum albumin levels , so ascites and hydrothorax wer..."
2694,anticholinesterases,Chemical,...holine apnoea : attempted reversal with anticholinesterases ....
2695,anticholinesterases,Chemical,...Anticholinesterases were administered in an attempt to anta...
2700,anticholinesterases,Chemical,...It is concluded that anticholinesterases are only partially effective in restori...
2703,lipid,Chemical,...Total extractable myocardial lipid was compared postmortem between a group...
2706,lipids,Chemical,...eration in total extractable myocardial lipids was observed between control dogs and t...
2728,chemotherapy,Chemical,"...8 patients were previously treated with chemotherapy , 1 with radiation , 6 with both chemot..."
2728,chemotherapy,Chemical,"...herapy , 1 with radiation , 6 with both chemotherapy and radiation , and 17 did not have any..."
2737,smoke,Chemical,"...tery in association with hypertension , smoke , and oral contraceptives is reported i..."
2761,prolactin,Chemical,...hour infusion with haloperidol on serum prolactin and luteinizing hormone ( LH ) levels w...
2770,igm,Chemical,...Antibodies suggested to be of the IgM class were detected in all 3 patients w...
2798,hysterosalpingography,Disease,...carmate ) and Hexabrix ( ioxaglate ) in hysterosalpingography ....
2799,hysterosalpingography,Disease,"...Side effects of hysterosalpingography with Dimer-X , Hexabrix , Vasurix polyv..."
2827,anaesthesia,Disease,...d suxamethonium 100 mg for induction of anaesthesia ....
2828,anaesthesia,Chemical,...ed which lasted for two minutes and the anaesthesia were terminated ....
2838,cystoscopy,Disease,... evaluation of etomidate for outpatient cystoscopy was embarked upon ....
2876,water,Chemical,...nal hemodynamics and tubular sodium and water handling were assessed by clearance tec...
2882,drugs,Chemical,...Adverse reactions to drugs are well recognized as a cause of acute...
2906,retching,Disease,"... major response (< or = two vomiting or retching episodes , and no antiemetic rescue ) w..."
2906,retching,Disease,"...nd a complete response ( no vomiting or retching , and no antiemetic rescue ) in 18 %, 4..."
2923,dihydrothienopyridine,Chemical,"...Pharmacological studies on a new dihydrothienopyridine calcium antagonist , S-312-d ...."
2923,calcium,Chemical,"... studies on a new dihydrothienopyridine calcium antagonist , S-312-d ...."
2947,death,Disease,...Flumazenil induces seizures and death in mixed cocaine - diazepam intoxicatio...
2947,intoxications,Disease,...s and death in mixed cocaine - diazepam intoxications ....
2948,intoxication,Disease,...zures in mixed cocaine - benzodiazepine intoxication ....
2968,inulin,Chemical,...duction in renal blood flow ( RBF ) and inulin clearance ( CIn ) as well as marked tub...
2969,renin,Chemical,... significant increase in renal cortical renin and endothelin - 1 contents were also o...
2970,sod,Chemical,...Superoxide dismutase ( SOD ) or dimethylthiourea ( DMTU ) signific...
2971,sod,Chemical,...The SOD - induced increase in glomerular filtra...
2971,renin,Chemical,"...GMP excretion , and a decrease in renal renin and endothelin - 1 content ...."
2972,sod,Chemical,...SOD did not attenuate the tubular damage ....
2974,sod,Chemical,...Neither SOD nor DMTU affected the renal cortical GM...
2975,sod,Chemical,...These results suggest that 1 ) both SOD and DMTU have protective effects on GM ...
2975,sod,Chemical,"...s for the protective effects differ for SOD and DMTU , and 3 ) superoxide anions pl..."
2977,dna,Chemical,...ability of cardiomyocytes to synthesize DNA in response to experimentally induced c...
2980,dna,Chemical,"...No DNA synthesis , as assessed by autoradiogra..."
2982,dna,Chemical,...rmine whether the capacity for reactive DNA synthesis was also subject to genetic r...
2984,anp,Chemical,...ntral cardiovascular effects of AVP and ANP in normotensive and spontaneously hyper...
2985,anp,Chemical,...P ) and of atrial natriuretic peptide ( ANP ) on control of arterial blood pressure...
2994,ccb,Chemical,...CCB was reduced in WKY and SHR after LV adm...
3022,ssris,Chemical,...lective serotonin reuptake inhibitors ( SSRIs ) and their toxic effects ....
3024,ssris,Chemical,...iously linked with high blood levels of SSRIs ....
3026,paf,Chemical,...homa ; possible role of TNF - alpha and PAF ....
3030,syndrome,Disease,"... , including the four who developed the syndrome ...."
3030,tnf,Chemical,"... biological assays of IL - 1 , IL - 2 , TNF and PAF were performed during Ara-C inf..."
3030,paf,Chemical,"...cal assays of IL - 1 , IL - 2 , TNF and PAF were performed during Ara-C infusion to..."
3032,tnf,Chemical,...As TNF and PAF are thought to be involved in t...
3032,paf,Chemical,...As TNF and PAF are thought to be involved in the devel...
3069,dysrhythmogenicity,Disease,...Epinephrine dysrhythmogenicity is not enhanced by subtoxic bupivacaine...
3076,saline,Chemical,"... received 1 or 2 mg / kg bupivacaine or saline over 5 min , followed by 10 micrograms ..."
3081,qt,Disease,...Epinephrine shortened QT less after bupivacaine than in control ...
3090,dysrhythmogenicity,Disease,...bupivacaine administration enhances the dysrhythmogenicity of subsequent epinephrine...
3093,milk-alkali,Chemical,"...le , and sucralfate ), the frequency of milk-alkali syndrome has decreased significantly , ..."
3094,milk,Chemical,...Milk-alkali syndrome can present serious and...
3094,alkali,Chemical,...Milk-alkali syndrome can present serious and occasi...
3100,antidepressants,Chemical,...develops in association with the use of antidepressants indicates that NMS and SS...
3118,hemoglobin,Chemical,...rid tumors were not hemorrhagic and had hemoglobin content and outward appearance identica...
3152,hgh,Chemical,... recently demonstrated that recombinant hGH exacerbates renal functional and struct...
3167,gh,Chemical,...odify gene expression of the IGF - I or GH receptors ....
3174,amnesic,Disease,...ereafter produced no significant anti - amnesic effect ....
3179,hcrh,Chemical,...man corticotropin - releasing hormone ( hCRH ) and thyrotropin - releasing hormone (...
3179,trh,Chemical,...) and thyrotropin - releasing hormone ( TRH ) are known to stimulate ventilation af...
3205,aminotransferase,Chemical,... the hepatitis B e antigen status or in aminotransferase levels ....
3207,hbv,Disease,...as safe and effective in suppression of HBV DNA in Chinese HBsAg carriers ....
3216,anticoagulant,Chemical,"...riod , and who had been treated with an anticoagulant were identified as potential cases of V..."
3260,tfl,Chemical,...p who received a total of 192 cycles of TFL : nine cycles ( 5 %) were associated wi...
3294,prl,Chemical,...- long extremely high increase in serum PRL levels produced by implantation of MMQ ...
3319,placebo,Chemical,"...s ; mean age 26 years ) received either placebo , 400 mg ibuprofen , or 800 mg ibuprofe..."
3343,water,Chemical,...e normal blood glucose concentrations ; water deprivation testing indicated nephrogen...
3348,saline,Chemical,"...a 15 - minute intracoronary infusion of saline ( n = 10 , control subjects ) or cocain..."
3348,saline,Chemical,...in ( n = 10 ). No variable changed with saline ....
3358,hiv,Disease,...g ureteric obstruction in patients with HIV undergoing indinavir therapy ....
3359,hiv,Disease,"... CT features of ureteric calculi in six HIV-infected patients receiving indinavir ,..."
3359,hiv,Disease,"...ving indinavir , the most commonly used HIV protease inhibitor , which is associate..."
3364,obstruction,Disease,... enable diagnosis of ureteric stones or obstruction in patients with HIV infection who rece...
3388,syndrome,Disease,...ely to participate in the onset of this syndrome ....
3393,cyp7a,Chemical,"...s of cholesterol 7alpha - hydroxylase ( CYP7A ), and sterol 27 - hydroxylase ( CYP27 ..."
3393,cyp27,Chemical,"... CYP7A ), and sterol 27 - hydroxylase ( CYP27 ), as well as of other enzymes involved..."
3402,bile,Chemical,...e 6beta - hydroxylase were increased by bile diversion and suppressed by EE ....
3407,vip,Chemical,... of vasoactive intestinal polypeptide ( VIP ). Helodermin produced hypotension in a...
3407,vip,Chemical,...imately similar potency and duration to VIP ....
3408,peptides,Chemical,...Hypotension induced by both peptides was significantly attenuated by glibenc...
3409,oxyhemoglobin,Chemical,...Oxyhemoglobin did not affect helodermin - induced hyp...
3411,edrf,Chemical,...EDRF ( endothelium - derived relaxing factor...
3488,apoptosis,Disease,...olites of the parent compound to induce apoptosis in HL60 cells and human bone marrow pro...
3489,apoptosis,Disease,... with each compound ( 0 - 200 microM ). Apoptosis was assessed by fluorescence microscopy...
3491,apoptosis,Disease,"...tabolites , NCQ436 and NCQ344 , induced apoptosis in HL60 and HBMP cells in a time - and ..."
3491,ncr181,Chemical,"... dependent manner , while the phenols , NCR181 , FLA873 , and FLA797 , and the derivat..."
3491,fla873,Chemical,"...t manner , while the phenols , NCR181 , FLA873 , and FLA797 , and the derivatives form..."
3491,fla838,Chemical,"... by oxidation of the pyrrolidine ring , FLA838 , NCM001 , and NCL118 , had no effect ...."
3491,ncm001,Chemical,"...tion of the pyrrolidine ring , FLA838 , NCM001 , and NCL118 , had no effect ...."
3491,ncl118,Chemical,"...yrrolidine ring , FLA838 , NCM001 , and NCL118 , had no effect ...."
3492,apoptosis,Disease,"...ic effect in both cell types , inducing apoptosis at lower concentrations and necrosis at..."
3493,apoptosis,Disease,"...cts in HL60 and HBMP cells , leading to apoptosis , while the phenol metabolites were ina..."
3494,apoptosis,Disease,"... hydroquinone , but not phenol , induce apoptosis in HBMP cells [ Moran et al ., Mol ...."
3500,7e,Chemical,...7e exhibits a high reversal of catalepsy i...
3506,nos,Chemical,...l - induced catalepsy and the number of NOS neurons in areas related to motor contr...
3510,nos,Chemical,...hemistry was also employed to visualize NOS as an index of enzyme expression in mic...
3512,saline,Chemical,...pontine tegmental nucleus compared with saline ....
3546,anorexigens,Chemical,...Anorexigens and pulmonary hypertension in the Unite...
3551,antidepressants,Chemical,"...en with special attention on the use of antidepressants , anorexigens , and amphetamines ...."
3551,anorexigens,Chemical,"...tention on the use of antidepressants , anorexigens , and amphetamines ...."
3552,anorexigens,Chemical,...onary hypertension [ SPH ]). The use of anorexigens was common in both groups ....
3553,sph,Disease,...l association with PPH as compared with SPH ( adjusted odds ratio for use > 6 month...
3560,sph,Disease,...ence of anorexigen use in patients with SPH also raises the possibility that these ...
3560,anorexigen,Chemical,...The high prevalence of anorexigen use in patients with SPH also raises th...
3567,transaminasemia,Disease,"...ther than thrombocytopenia , alopecia , transaminasemia , hyperkalemia , hypoaldosteronism , an..."
3571,prograf,Chemical,"...patient receiving tacrolimus ( FK 506 , Prograf ; Fujisawa USA , Inc , Deerfield , Illi..."
3594,hiv,Disease,... because of its use in toxoplasmosis in HIV - positive patients ....
3617,hydration,Chemical,... diarrhea requiring hospitalization for hydration ....
3626,mixed,Disease,"...iagnosis of bipolar disorder , manic or mixed , were randomized to olanzapine , 5 to ..."
3633,euthymia,Disease,"...% vs 43 %, respectively ; P =. 02 ) and euthymia ( 61 % vs 36 %, respectively ; P =. 01 ..."
3652,isotretinoin,Chemical,...A case of isotretinoin embryopathy with bilateral anotia and T...
3658,saline,Chemical,...of intravenous methoxamine or placebo ( saline ) were administered to a group of women...
3688,cocaine,Chemical,...OBJECTIVES : Simultaneous abuse of cocaine and ethanol affects 12 million American...
3688,ethanol,Chemical,...VES : Simultaneous abuse of cocaine and ethanol affects 12 million Americans annually ....
3694,c,Chemical,...RESULTS : Two of eight dogs in the C + E group experienced cardiovascular co...
3694,e,Chemical,...RESULTS : Two of eight dogs in the C + E group experienced cardiovascular collap...
3698,c,Chemical,"...hythmias were primarily observed in the C + E group , in which four of eight dogs..."
3698,e,Chemical,"...mias were primarily observed in the C + E group , in which four of eight dogs exp..."
3702,menopause,Disease,...the use of veralipride for treatment of menopause : case report ....
3703,menopause,Disease,"...er motor functions following therapy of menopause related symptoms with veralipride , as ..."
3706,hiv,Disease,"..., known as bradycardia , in people with HIV ...."
3708,myeloperoxidase,Chemical,...Frequency of appearance of myeloperoxidase - antineutrophil cytoplasmic antibody (...
3709,myeloperoxidase,Chemical,...OBJECTIVE : Myeloperoxidase antineutrophil cytoplasmic antibody ( M...
3717,mpo,Chemical,"...RESULTS : Before treatment , the MPO - ANCA titres of all 102 untreated Grav..."
3717,anca,Chemical,"...RESULTS : Before treatment , the MPO - ANCA titres of all 102 untreated Graves' dis..."
3734,pk,Chemical,...Oral pre - treatment with PK ( 80 mg kg (- 1 ) day (- 1 ) for 15 day...
3743,eads,Disease,"... - sotalol and azimilide rarely induced EADs in canine left ventricles , they produc..."
3743,eads,Disease,"...eft ventricles , they produced frequent EADs in rabbits , in which more pronounced Q..."
3744,eads,Disease,...l facilitated transmural propagation of EADs that initiated multiple episodes of spo...
3745,eads,Disease,"...reased APD more than dl - sotalol , its EADs often failed to propagate transmurally ..."
3770,antioxidants,Chemical,...f superoxide radicals in vitro and that antioxidants attenuate ototoxicity in vivo ....
3775,saline,Chemical,...ted group was 45 - 50 dB higher than in saline - injected controls ....
3812,antimicrobial,Chemical,...Antimicrobial - induced mania ( antibiomania ): a rev...
3844,dfc,Chemical,"...and significantly higher than those for DFC ( after one hour : GTN ,- 12 ...."
3944,erythrocytes,Disease,"... albumin , creatinine , the presence of erythrocytes , leukocytes , bacteria and crystals , ..."
3944,leukocytes,Disease,"...tinine , the presence of erythrocytes , leukocytes , bacteria and crystals , and culture w..."
3944,bacteria,Disease,"...presence of erythrocytes , leukocytes , bacteria and crystals , and culture were analyze..."
3944,albumin,Chemical,"...METHODS : Urinary pH , albumin , creatinine , the presence of erythroc..."
3966,ck,Chemical,"...ed serial sampling of creatine kinase ( CK ), CK - MB , and cardiac troponin I ( c..."
3966,ck,Chemical,"...ial sampling of creatine kinase ( CK ), CK - MB , and cardiac troponin I ( cTnI ) ..."
3966,ctni,Chemical,"...K ), CK - MB , and cardiac troponin I ( cTnI ) over eight hours ...."
3967,ctni,Chemical,...- MB criteria for MI and 38 ( 16 %) had cTnI elevations ....
3971,troponin,Chemical,...Troponin appears to have an equivalent diagnosti...
4004,nadh,Chemical,... - loading capacity and the activity of NADH - dehydrogenase were also suppressed in...
4063,bfgf,Chemical,"...activity of angiogenic agents including bFGF , VEGF and IL - 6 ...."
4063,vegf,Chemical,"...y of angiogenic agents including bFGF , VEGF and IL - 6 ...."
4085,plasma,Chemical,...Plasma concentrations sufficient to result in ...
4086,anaesthetic,Chemical,...Anaesthetic complications associated with myotonia ...
4103,ve,Chemical,"...Although VE had a similar decrease in both groups ,..."
4103,ve,Chemical,"...n the epileptic group , the decrease in VE was due to a significant ( p < 0 ...."
4112,fas,Chemical,...s have suggested that apoptosis via the Fas / Fas Ligand signaling system may play ...
4112,fas,Chemical,... suggested that apoptosis via the Fas / Fas Ligand signaling system may play an imp...
4113,fas,Chemical,... was to investigate the soluble form of Fas in patients with acute liver failure ....
4114,sfas,Chemical,...METHODOLOGY : Serum levels of sFas ( soluble Fas ) were measured by ELISA ...
4116,sfas,Chemical,...RESULTS : Serum sFas was significantly increased in patients...
4131,sfas,Chemical,... correlation was observed between serum sFas levels and aspartate aminotransferase (...
4133,sfas,Chemical,...USIONS : The increased concentration of sFas in serum of patients with acute liver f...
4133,fas,Chemical,...liver failure may reflect activation of Fas - mediated apoptosis in the liver and t...
4140,gait,Disease,"...or the akinesia , rigidity , tremor and gait also improved .( p < 0 ...."
4160,tuberculosis,Disease,...after being treated with ethambutol for tuberculosis of the lung or lymph node at Siriraj Ho...
4164,smoking,Chemical,"...litus , glaucoma and a history of heavy smoking ...."
4177,am149,Chemical,"...a new galenic formulation of propofol ( AM149 1 %), which does not contain soyabean o..."
4192,am149,Chemical,...001 ) occurred more frequently with AM149 than with Disoprivan ....
4215,antiepileptic,Disease,...trin alone or in combination with other antiepileptic drugs for at least 5 years ( range 5 - ...
4263,pparalpha,Chemical,... these genes as well as hepatomegaly in PPARalpha knockout [ PPARalpha -/-] mice indicate...
4263,pparalpha,Chemical,...as hepatomegaly in PPARalpha knockout [ PPARalpha -/-] mice indicated that the effects of...
4263,pparalpha,Chemical,...ndent upon the presence of a functional PPARalpha gene ....
4266,pparalpha,Chemical,...is and that the increased expression of PPARalpha target genes is secondary to this toxic...
4267,pparalpha,Chemical,...effects of amiodarone and indicate that PPARalpha protects against amiodarone - induced h...
4268,niacin,Chemical,...Safety and compliance with once - daily niacin extended-release/lovastatin as initial ...
4268,lovastatin,Chemical,...th once - daily niacin extended-release/lovastatin as initial therapy in the Impact of Med...
4269,niacin,Chemical,...Niacin extended-release/lovastatin is a new co...
4269,lovastatin,Chemical,...Niacin extended-release/lovastatin is a new combination product approved f...
4270,niacin,Chemical,...r study evaluated the safety of bedtime niacin extended-release/lovastatin when dosed ...
4270,lovastatin,Chemical,...fety of bedtime niacin extended-release/lovastatin when dosed as initial therapy and patie...
4273,niacin,Chemical,...urther education about dyslipidemia and niacin extended-release/lovastatin ....
4273,lovastatin,Chemical,...yslipidemia and niacin extended-release/lovastatin ....
4275,niacin,Chemical,"...4 , 217 patients ( 94 %). Compliance to niacin extended-release/lovastatin was 77 %, w..."
4275,lovastatin,Chemical,".... Compliance to niacin extended-release/lovastatin was 77 %, with 3 , 245 patients complet..."
4280,niacin,Chemical,...Niacin extended-release/lovastatin...
4280,lovastatin,Chemical,...Niacin extended-release/lovastatin...
4307,hemoglobin,Chemical,...A hemoglobin concentration of < 10 g / dL was define...
4316,ros,Chemical,...determine if elevated reactive oxygen ( ROS )/ nitrogen species ( RNS ) reported to...
4316,rns,Chemical,...tive oxygen ( ROS )/ nitrogen species ( RNS ) reported to be present in adriamycin ...
4334,daergic,Chemical,... functional status of the nigrostriatal DAergic system ....
4343,stereotypy,Disease,...5 and 3 mg / kg ) stereotypy and apomorphine ( 0 ....
4347,stereotypy,Disease,"...trazodone enhanced dexamphetamine stereotypy , and antagonized haloperidol catalepsy..."
4354,stereotypy,Disease,... and thereby potentiates dexamphetamine stereotypy and antagonizes haloperidol catalepsy...
4361,nondyskinetic,Disease,"...Nondyskinetic patients , but not the dyskinetic ones ..."
4377,ed,Disease,"...Increased ED - 1 , MAP kinases and NF - kappaB stain..."
4395,insulin,Chemical,...7 ( risperidone ). Fasting serum insulin concentrations differed among groups ( ...
4414,ischemic,Disease,...Brain injury ( percentage of the ischemic hemisphere ) was less in the 15 / HTN g...
4447,nsaids,Chemical,...to P and N associated or not to classic NSAIDs ....
4448,nsaids,Chemical,...without associated reactions to classic NSAIDs ....
4454,rush,Disease,"... of the following appeared : erythema , rush or urticaria - angioedema ...."
4458,nsaids,Chemical,...was documented among 9 P and N - highly NSAIDs intolerant patients ....
4460,analgesic,Chemical,...Case - control study of regular analgesic and nonsteroidal anti - inflammatory us...
4461,analgesic,Chemical,...he long - term use of aspirin and other analgesic and nonsteroidal anti - inflammatory dr...
4461,nsaids,Chemical,...onsteroidal anti - inflammatory drugs ( NSAIDs ) and end-stage renal disease ( ESRD ) ...
4487,nsaids,Chemical,...m use of nonaspirin analgesic drugs and NSAIDs is not associated with an increased ris...
4493,i,Chemical,...ppeared to respond to administration of i ....
4497,gap43,Chemical,...PURPOSE : GAP43 has been thought to be linked with moss...
4498,gap43,Chemical,...To investigate how GAP43 expression ( GAP43 - ir ) correlates wi...
4498,gap43,Chemical,"...To investigate how GAP43 expression ( GAP43 - ir ) correlates with MFS , we assesse..."
4498,gap43,Chemical,...nsitometry ) and extension ( width ) of GAP43 - ir in the inner molecular layer of th...
4516,saline,Chemical,...c .) or saline 10 min before caffeine ( 70 mg / kg i ....
4530,hormone,Chemical,...BACKGROUND : Hormone therapy ( HT ) is widely used for contr...
4532,ht,Chemical,"...S : To assess the effect of long - term HT on mortality , heart disease , venous t..."
4535,perimenopausal,Disease,"...lacebo , taken for at least one year by perimenopausal or postmenopausal women ...."
4535,postmenopausal,Disease,... at least one year by perimenopausal or postmenopausal women ....
4541,ht,Chemical,"...ely healthy women , combined continuous HT significantly increased the risk of ven..."
4543,ht,Chemical,...y statistically significant benefits of HT were a decreased incidence of fractures...
4544,ht,Chemical,"...ver 65 years taking continuous combined HT , there was a statistically significant..."
4553,hepatocellular,Disease,"...r damage was characterized according to hepatocellular , cholestatic , and mixed laboratory cr..."
4568,amoxicillin,Chemical,...Amoxicillin-clavulanate stands out as the most comm...
4568,clavulanate,Chemical,...Amoxicillin-clavulanate stands out as the most common drug rela...
4574,ros,Chemical,...production of reactive oxygen species ( ROS ) and to investigate the role of erdost...
4579,nag,Chemical,"...- acetyl - beta - d - glucosaminidase ( NAG , a marker of renal tubular injury ) ex..."
4579,sod,Chemical,...on but decreased superoxide dismutase ( SOD ) and catalase ( CAT ) activities ....
4579,catalase,Chemical,...reased superoxide dismutase ( SOD ) and catalase ( CAT ) activities ....
4579,cat,Chemical,...roxide dismutase ( SOD ) and catalase ( CAT ) activities ....
4580,nag,Chemical,"...icantly decreased renal MDA and urinary NAG excretion , and increased SOD activity ..."
4580,sod,Chemical,"...d urinary NAG excretion , and increased SOD activity , but not CAT activity in rena..."
4580,cat,Chemical,"... , and increased SOD activity , but not CAT activity in renal tissue when compared ..."
4588,depressed,Disease,...The authors report here a depressed patient comorbid with postprandial dysp...
4592,antiandrogenic,Chemical,...Antiandrogenic therapy can cause coronary arterial dis...
4593,lipid,Chemical,...AIM : To study the change of lipid metabolism by antiandrogen therapy in p...
4595,lipoproteins,Chemical,"...olesterols ( C ), triglycerides ( TG ), lipoproteins ( LP ), and apolipoproteins ( Apo ) B -..."
4595,apolipoproteins,Chemical,"...erides ( TG ), lipoproteins ( LP ), and apolipoproteins ( Apo ) B - 100 , A - I , and A - II pr..."
4596,vldl,Chemical,...d an increase of triglyceride levels in VLDL were induced by CPA ....
4604,chemotherapy,Chemical,"...liver and lung , was referred to us for chemotherapy from an affiliated hospital ; he had no..."
4615,anthracyclin,Chemical,"...e its well - known cardiotoxicity , the anthracyclin doxorubicin ( DOX ) continues to be an ..."
4625,saline,Chemical,...ant cardiac damage in comparison to the saline control group ( P < 0 ....
4630,saline,Chemical,... monoHER and those in mice treated with saline ranged from 1 ....
4643,flutter,Disease,...inistration for atrial fibrillation and flutter ....
4653,lad,Disease,"...atients with and without Tdp other than LAD and age , which were larger and older i..."
4655,angiotensinogen,Chemical,...rophy in transgenic rats with low brain angiotensinogen ....
4656,renin,Chemical,...hat a permanent deficiency in the brain renin - angiotensin system ( RAS ) may increa...
4657,angiotensinogen,Chemical,...( Iso ). Transgenic rats with low brain angiotensinogen ( TGR ) were used ....
4718,dopaminergic,Chemical,...Tonic dopaminergic stimulation impairs associative learnin...
4721,dopaminergic,Chemical,"...evodopa increases both phasic and tonic dopaminergic neurotransmission , the critical mechan..."
4733,myeloperoxidase,Chemical,...d C - reactive protein ( CRP ). Neither myeloperoxidase - nor proteinase - 3 - antineutrophil c...
4735,crp,Chemical,...ration of symptoms and normalization of CRP level ....
4739,hbig,Chemical,... Combined hepatitis B immune globulin ( HBIg ) and lamivudine in prophylaxis of the ...
4740,hbv,Disease,...n for patients with hepatitis B virus ( HBV ). METHODS : A retrospective chart anal...
4740,hbv,Disease,...n and 8 women ) transplanted for benign HBV - related cirrhotic diseases between Ju...
4749,hbv,Disease,...5 %( 5 / 8 ) of HBV - DNA and HBeAg positive patients respe...
4749,dna,Chemical,...5 %( 5 / 8 ) of HBV - DNA and HBeAg positive patients respectivel...
4785,protein,Chemical,"...hus , CAA directly reacts with cellular protein and non - protein thiols , mediating it..."
4785,protein,Chemical,"... reacts with cellular protein and non - protein thiols , mediating its toxicity on hRPT..."
4805,inattention,Disease,... improvements in emotional lability and inattention on the Conners ' Parent Rating Scale --...
4877,chemotherapy,Chemical,"...ave been helpful in this case , and how chemotherapy can exhibit substantial cardiotoxicity..."
4880,nsaid,Chemical,...rs of age who filled a prescription for NSAID or acetaminophen during 1999 - 2002 ....
4884,gi,Disease,...interval ) of hospitalization for AMI / GI vs the acetaminophen ( with no aspirin ...
4920,malaria,Disease,...ced arrhythmia in a patient with severe malaria ....
4921,malaria,Disease,...eported that there was a case of severe malaria patient with jaundice who presented wit...
4930,trigemini,Disease,"...lar contraction ( PVC )> 5 x / minute , trigemini , constant type -- sinoatrial block , p..."
5054,piperacillin,Chemical,...Piperacillin/tazobactam - induced seizure rapidly re...
5054,tazobactam,Chemical,...Piperacillin/tazobactam - induced seizure rapidly reversed by h...
5056,piperacillin,Chemical,...lonic seizure ( GTCS ) after 5 doses of piperacillin/tazobactam ( 2 g / 250 mg ) were given ...
5056,tazobactam,Chemical,... ( GTCS ) after 5 doses of piperacillin/tazobactam ( 2 g / 250 mg ) were given for bronchi...
5057,electrolyte,Chemical,... laboratory data revealed normal plasma electrolyte and ammonia levels but leukocytosis ....
5060,piperacillin,Chemical,...pisode recurred after the sixth dose of piperacillin/tazobactam ....
5060,tazobactam,Chemical,...ed after the sixth dose of piperacillin/tazobactam ....
5076,anesthetic,Chemical,...perating time or volume or frequency of anesthetic administration in patients with tempora...
5083,saline,Chemical,"...ned to five groups : intact - control , saline - control , melatonin - treated , BCNU ..."
5087,synaptophysin,Chemical,"...ty to glial fibrillary acidic protein , synaptophysin and transforming growth factor beta1 wa..."
5094,impase,Chemical,...Lithium inhibits IMPase and valproate inhibits MIP synthase ....
5098,nsaids,Chemical,...- steroidal anti - inflammatory drugs ( NSAIDs ) are a far more frequent cause ....
5108,dialysis,Disease,...He needed dialysis for 2 weeks and was treated successfull...
5121,hcv,Disease,"... also tested for liver enzymes , anti - HCV , HBeAg , and anti - HBe ...."
5136,cyclooxygenase,Chemical,...rostaglandin E2 ( PGE2 ) production and cyclooxygenase ( COX ) gene expression that increases ...
5136,cox,Chemical,... PGE2 ) production and cyclooxygenase ( COX ) gene expression that increases postop...
5149,ngf,Chemical,"...ation of another receptor known to bind NGF , p75 ( NTR ), after various durations ..."
5153,p75,Chemical,...01 ) in p75 ( NTR ) mRNA in DRG with intermediate a...
5153,ntr,Chemical,...01 ) in p75 ( NTR ) mRNA in DRG with intermediate and chr...
5163,eryptosis,Disease,"...celerated suicidal erythrocyte death or eryptosis , which is characterized by exposure of..."
5164,eryptosis,Disease,...xplored whether azathioprine influences eryptosis ....
5192,hiv,Disease,... after generic HAART in southern Indian HIV-infected patients ....
5192,haart,Chemical,...pectrum of adverse events after generic HAART in southern Indian HIV-infected patient...
5193,hiv,Disease,"...iretroviral therapy ( HAART ) use among HIV-infected individuals in South India , w..."
5193,hiv,Disease,"...a , we examined the experiences of 3154 HIV-infected individuals who received a min..."
5193,hiv,Disease,...ry 1996 and December 2006 at a tertiary HIV care referral center in South India ....
5199,cd4,Chemical,"...2 %; CD4 , 285 cells / microL ) and peripheral n..."
5202,cd4,Chemical,"...5 % of patients ( CD4 , 260 cells / microL ). Women were sign..."
5204,haart,Chemical,...r within 12 weeks of initiating generic HAART ....
5278,aprotinin,Chemical,...The risks of aprotinin and tranexamic acid in cardiac surgery ...
5279,aprotinin,Chemical,...s and mortality after administration of aprotinin compared to tranexamic acid in an unsel...
5280,aprotinin,Chemical,"... the first 5 mo , 596 patients received aprotinin ( Group A ); in the next 5 mo , 592 pat..."
5308,aprotinin,Chemical,...Administration of aprotinin should be avoided in coronary artery by...
5352,normotensive,Disease,...anesthesia ( TIVA ). METHODS : Sixty normotensive American Society of Anesthesiologists I...
5359,insulin,Chemical,...ory data revealed hyperinsulinemia with insulin resistance ....
5364,antithyroid,Disease,... should be aware of the side effects of antithyroid medications ....
5366,anca,Chemical,...ient with Graves' disease who developed ANCA positive carbimazole induced vasculitis...
5369,put,Chemical,...eported ANCA positive side effects than PUT ....
5370,anca,Chemical,...best of our knowledge this is the first ANCA positive carbimazole induced vasculitis...
5380,death,Disease,"...rease coronary heart events , strokes , death from coronary heart events or stroke , ..."
5427,l-dopa,Chemical,...ured in 6-OHDA - lesioned and treated ( L-DOPA+benserazide ) CB1 KO and WT mice ....
5427,benserazide,Chemical,... 6-OHDA - lesioned and treated ( L-DOPA+benserazide ) CB1 KO and WT mice ....
5428,lesion,Disease,...A lesion induced by 6-OHDA produced more severe ...
5430,l-dopa,Chemical,...Treatment with L-DOPA+benserazide ( 12 weeks ) resulted in le...
5430,benserazide,Chemical,...Treatment with L-DOPA+benserazide ( 12 weeks ) resulted in less severe dy...
5431,cannabinoid,Chemical,...The results revealed that the lack of cannabinoid CB1 receptors increased the severity of...
5438,tbarss,Chemical,...iobarbituric acid reactive substances ( TBARSs ) and superoxide production were measur...
5464,chemotherapy,Chemical,... advanced NSCLC previously treated with chemotherapy alone or with chemotherapy and EGFR inh...
5464,chemotherapy,Chemical,...treated with chemotherapy alone or with chemotherapy and EGFR inhibitors ....
5477,pakt,Chemical,...HC scores found that only phospho AKT ( pAKT ) was a significant independent predict...
5513,unresponsive,Disease,... admitted to the MICU after being found unresponsive with presumed toxicity from acetaminoph...
5533,hiv,Disease,...To determine whether the risk of HIV seroconversion among daily smokers of c...
5543,hiv,Disease,"...confounders , we found that the risk of HIV seroconversion among participants who w..."
5552,hiv,Disease,...nd to be an independent risk factor for HIV seroconversion among people who were in...
5568,ilk,Chemical,...This study investigates the role of ILK in liver enlargement induced by phenoba...
5568,ilk,Chemical,...barbital ( PB ). Wild - type ( WT ) and ILK : liver -/- mice were given PB ( 0 ....
5581,nhe3,Chemical,"...creased Expression of Na / K - ATPase , NHE3 , NBC1 , AQP1 and OAT in Gentamicin - i..."
5581,nbc1,Chemical,"... Expression of Na / K - ATPase , NHE3 , NBC1 , AQP1 and OAT in Gentamicin - induced ..."
5581,aqp1,Chemical,"...sion of Na / K - ATPase , NHE3 , NBC1 , AQP1 and OAT in Gentamicin - induced Nephrop..."
5581,oat,Chemical,"...a / K - ATPase , NHE3 , NBC1 , AQP1 and OAT in Gentamicin - induced Nephropathy ...."
5588,nhe3,Chemical,"...d expression of Na (+)/ K (+)- ATPase , NHE3 , NBC1 , and AQP1 in the kidney of gent..."
5588,nbc1,Chemical,"...ssion of Na (+)/ K (+)- ATPase , NHE3 , NBC1 , and AQP1 in the kidney of gentamicin ..."
5588,aqp1,Chemical,"... (+)/ K (+)- ATPase , NHE3 , NBC1 , and AQP1 in the kidney of gentamicin - treated r..."
5603,ccr2,Chemical,...Chemokine CCL2 and its receptor CCR2 are increased in the hippocampus follow...
5604,epileptogenesis,Disease,...urs after seizures and is implicated in epileptogenesis ....
5605,ccr2,Chemical,...CCR2 is a chemokine receptor for CCL2 and th...
5605,ccl2,Chemical,...CCR2 is a chemokine receptor for CCL2 and their interaction mediates monocyte...
5606,ccr2,Chemical,...In this work CCR2 and CCL2 expression were examined follo...
5606,ccl2,Chemical,...In this work CCR2 and CCL2 expression were examined following stat...
5608,saline,Chemical,...Control rats were injected with saline instead of pilocarpine ....
5613,ccr2,Chemical,...lterations to the cell types expressing CCR2 ....
5616,ccr2,Chemical,"...on , rats that experienced SE exhibited CCR2 - labeling in populations of hypertroph..."
5622,tnfalpha,Chemical,...uction reduces caspase - 3 activity and TNFalpha levels with preservation of cognitive f...
5643,tnfalpha,Chemical,"...d serum tumor necrosis factor - alpha ( TNFalpha ), hippocampal MT and malondialdehyde (..."
5644,gr,Chemical,...unteracted BCNU - induced inhibition of GR and depletion of GSH and resulted in si...
5644,tnfalpha,Chemical,...cant reduction in the levels of MDA and TNFalpha as well as the activity of caspase - 3 ...
5646,gr,Chemical,...ed hippocampal toxicity as it prevented GR inhibition and GSH depletion and counte...
5646,tnfalpha,Chemical,"...nd counteracted the increased levels of TNFalpha , MDA..."
5710,rejection,Disease,"...here were no significant differences in rejection ( acute and chronic ), graft failure or..."
5738,inflammatory,Disease,"...9 % reversal of hyperalgesia in the inflammatory and neuropathic models , respectively (..."
5739,antihyperalgesic,Disease,...iven alone ). CONCLUSIONS : The maximum antihyperalgesic effect achievable with nonsedating dose...
5770,ros,Chemical,...as to assess mitochondrial function and ROS production in an experimental model of ...
5771,cocaine,Chemical,...We hypothesized that cocaine abuse may lead to altered mitochondrial...
5779,chemotherapy,Chemical,...th acute leukemia presented with post - chemotherapy anemia ....
5788,normoalbuminuria,Disease,...em in patients with type 1 diabetes and normoalbuminuria did not retard the progression of nephr...
5788,microalbuminuria,Disease,... interstitial fibrosis independently of microalbuminuria in mice with streptozotocin ( STZ )- in...
5788,renin,Chemical,...trial showed that early blockade of the renin - angiotensin system in patients with t...
5792,age,Chemical,...Blocking studies using receptor for AGE siRNA and a specific inhibitor of Smad3...
5792,sirna,Chemical,...Blocking studies using receptor for AGE siRNA and a specific inhibitor of Smad3 ( SIS...
5792,sis3,Chemical,...RNA and a specific inhibitor of Smad3 ( SIS3 ) were performed in MMECs and in STZ - ...
5792,smad3,Chemical,...r AGE siRNA and a specific inhibitor of Smad3 ( SIS3 ) were performed in MMECs and in...
5792,egfp,Chemical,...etic nephropathy in Tie2 - Cre ; Loxp - EGFP mice ....
5794,smad3,Chemical,...pitation / Western blotting showed that Smad3 was activated by AGEs but was inhibited...
5794,ages,Chemical,...ting showed that Smad3 was activated by AGEs but was inhibited by SIS3 in MMECs and ...
5794,sis3,Chemical,... activated by AGEs but was inhibited by SIS3 in MMECs and in STZ - induced diabetic ...
5795,sis3,Chemical,"...al - time PCR further demonstrated that SIS3 abrogated EndoMT , reduced renal fibros..."
5797,sis3,Chemical,...Blockade of EndoMT by SIS3 may provide a new strategy to retard th...
5805,vegf,Chemical,...ase of tumor microvessel density and of VEGF expression ....
5814,ace,Chemical,"... , especially in elderly patients using ACE / ARB in combination with potassium spa..."
5814,arb,Chemical,...ecially in elderly patients using ACE / ARB in combination with potassium sparing a...
5827,aureus,Disease,...aureus susceptible to oxacillin ....
5856,insulin,Chemical,...e is associated with dysfunction of the insulin - receptor ( IR ) system followed by de...
5859,sad,Disease,"...in - induced ( STZ - icv ) rat model of sAD , tested by Morris Water Maze and Passi..."
5864,glucose,Chemical,...t of cognitive deficits associated with glucose hypometabolism in AD...
